ArrayId;Date;Stim;Therm;Side;Line;DayP;Anesthesie;CSF;Deep;FileName;CodeName;NewFileName
1;2023.08.04;Tac;none;Wcont;WT;P8;0;0;757;allego_0__uid0804-15-26-48;Tac_Wcont_WT_P8_F_3.8g_A4x8_Z757;1
1;2023.08.04;Tac;none;Wcont;WT;P8;0;0;957;allego_1__uid0804-15-40-14;Tac_Wcont_WT_P8_F_3.8g_A4x8_Z957;2
1;2023.08.04;Tac;none;Wcont;WT;P8;0;0;977;allego_2__uid0804-16-16-33;Tac_Wcont_WT_P8_F_3.8g_A4x8_Z977;3
1;2023.08.04;Tac;none;Wcont;WT;P8;0;0;977;allego_4__uid0804-16-26-47;Tac_Wcont_WT_P8_F_3.8g_A4x8_Z977;4
1;2023.08.04;Tac;none;Wcont;WT;P8;0;0;977;allego_6__uid0804-16-42-01;Tac_Wcont_WT_P8_F_3.8g_A4x8_Z977;5
1;2023.08.04;Tac;none;Wcont;WT;P8;0;0;977;allego_7__uid0804-17-16-18;Tac_Wcont_WT_P8_F_3.8g_A4x8_Z977;6
1;2023.08.04;Tac;none;;WT;P8;0;0;977;allego_8__uid0804-17-26-30;Tac_belly_WT_P8_F_3.8g_A4x8_Z977;7
1;2023.08.04;Thq;cool;Wcont;WT;P8;0;0;977;allego_9__uid0804-17-44-36;Thq_cool_Wcont_WT_P8_F_3.8g_A4x8_Z977;8
1;2023.08.04;Thq;cool;Wcont;WT;P8;0;0;977;allego_10__uid0804-17-48-07;Thq_cool_Wcont_WT_P8_F_3.8g_A4x8_Z977;9
1;2023.08.04;Thq;cool;Wcont;WT;P8;0;0;977;allego_11__uid0804-17-53-28;Thq_cool_Wcont_WT_P8_F_3.8g_A4x8_Z977;10
1;2023.08.04;Thq;cool;Wcont;WT;P8;0;0;977;allego_12__uid0804-17-57-57;Thq_cool_Wcont_WT_P8_F_3.8g_A4x8_Z977;11
2;2024.01.11;Spontaneous;none;;WT;P8;0;0;500;allego_0__uid0111-16-38-16;Spontaneous_WT_P8_M_4.6g_A4x8_Z500;12
2;2024.01.11;Tac;none;Wcont;WT;P8;0;0;500;allego_1__uid0111-16-47-36;Tac_Wcont_WT_P8_M_4.6g_A4x8_Z500;13
2;2024.01.11;Tac;none;Wipsi;WT;P8;0;0;500;allego_2__uid0111-16-56-26;Tac_Wipsi_WT_P8_M_4.6g_A4x8_Z500;14
2;2024.01.11;Tac;none;;WT;P8;0;0;500;allego_3__uid0111-17-10-34;Tac_paw_WT_P8_M_4.6g_A4x8_Z500;15
2;2024.01.11;Tac;none;Wcont;WT;P8;0;0;500;allego_4__uid0111-17-19-46;Tac_Wcont_WT_P8_M_4.6g_A4x8_Z500;16
2;2024.01.11;Thq;cool;Wcont;WT;P8;0;0;500;allego_7__uid0111-17-43-58;Thq_cool_Wcont_WT_P8_M_4.6g_A4x8_Z500;17
2;2024.01.11;Thq;cool;Wcont;WT;P8;0;0;500;allego_8__uid0111-17-55-14;Thq_cool_Wcont_WT_P8_M_4.6g_A4x8_Z500;18
2;2024.01.11;Thq;cool;Wcont;WT;P8;0;0;500;allego_9__uid0111-18-07-32;Thq_cool_Wcont_WT_P8_M_4.6g_A4x8_Z500;19
2;2024.01.11;Thq;hot;Wcont;WT;P8;0;0;500;allego_10__uid0111-18-21-17;Thq_hot_Wcont_WT_P8_M_4.6g_A4x8_Z500;20
2;2024.01.11;Thq;cool;Wipsi;WT;P8;0;0;500;allego_11__uid0111-18-36-21;Thq_cool_Wipsi_WT_P8_M_4.6g_A4x8_Z500;21
3;2024.01.17;Spontaneous;none;;WT;P14;0;0;700;allego_0__uid0117-14-19-59;Spontaneous_WT_P14_F_8.7g _A4x8_Z700;22
3;2024.01.17;Tac;none;Wcont;WT;P14;0;0;700;allego_1__uid0117-14-33-03;Tac_Wcont_WT_P14_F_8.7g _A4x8_Z700;23
3;2024.01.17;Tac;none;Wcont;WT;P14;0;0;700;allego_2__uid0117-14-49-33;Tac_Wcont_WT_P14_F_8.7g _A4x8_Z700;24
3;2024.01.17;Tac;none;Wipsi;WT;P14;0;0;700;allego_3__uid0117-15-02-42;Tac_Wipsi_WT_P14_F_8.7g _A4x8_Z700;25
3;2024.01.17;Tac;none;Wipsi;WT;P14;0;0;700;allego_4__uid0117-15-18-19;Tac_Wipsi_WT_P14_F_8.7g _A4x8_Z700;26
3;2024.01.17;Thq;cool;Wcont;WT;P14;0;0;700;allego_5__uid0117-15-41-30;Thq_cool_Wcont_WT_P14_F_8.7g _A4x8_Z700;27
3;2024.01.17;Thq;cool;Wcont;WT;P14;0;0;700;allego_6__uid0117-15-53-49;Thq_cool_Wcont_WT_P14_F_8.7g _A4x8_Z700;28
3;2024.01.17;Thq;cool;Wcont;WT;P14;0;0;700;allego_7__uid0117-16-05-57;Thq_cool_Wcont_WT_P14_F_8.7g _A4x8_Z700;29
3;2024.01.17;Thq;hot;Wcont;WT;P14;0;0;700;allego_12__uid0117-16-18-58;Thq_hot_Wcont_WT_P14_F_8.7g _A4x8_Z700;30
3;2024.01.17;Thq;cool;Wipsi;WT;P14;0;0;700;allego_13__uid0117-16-33-41;Thq_cool_Wipsi_WT_P14_F_8.7g _A4x8_Z700;31
4;2024.01.24;Spontaneous;none;;WT;P7;0;0;700;allego_1__uid0124-14-05-00;Spontaneous_WT_P7_F_4.4g_Buz32_Z700;32
4;2024.01.24;Tac;none;Wcont;WT;P7;0;0;700;allego_2__uid0124-14-19-26;Tac_Wcont_WT_P7_F_4.4g_Buz32_Z700;33
4;2024.01.24;Tac;none;Wipsi;WT;P7;0;0;700;allego_3__uid0124-14-31-14;Tac_Wipsi_WT_P7_F_4.4g_Buz32_Z700;34
4;2024.01.24;Thq;cool;Wcont;WT;P7;0;0;700;allego_5__uid0124-15-01-14;Thq_cool_Wcont_WT_P7_F_4.4g_Buz32_Z700;35
4;2024.01.24;Thq;cool;Wcont;WT;P7;0;0;700;allego_6__uid0124-15-15-04;Thq_cool_Wcont_WT_P7_F_4.4g_Buz32_Z700;36
4;2024.01.24;Thq;hot;Wcont;WT;P7;0;0;700;allego_7__uid0124-15-28-35;Thq_hot_Wcont_WT_P7_F_4.4g_Buz32_Z700;37
4;2024.01.24;Thq;cool;Wcont;WT;P7;0;0;750;allego_10__uid0124-16-06-41;Thq_cool_Wcont_WT_P7_F_4.4g_Buz32_Z750;38
4;2024.01.24;Thq;hot;Wcont;WT;P7;0;0;750;allego_11__uid0124-16-18-12;Thq_hot_Wcont_WT_P7_F_4.4g_Buz32_Z750;39
4;2024.01.24;Thq;cool;Wcont;WT;P7;0;0;588;allego_13__uid0124-16-44-51;Thq_cool_Wcont_WT_P7_F_4.4g_Buz32_Z588;40
4;2024.01.24;Thq;hot;Wcont;WT;P7;0;0;588;allego_14__uid0124-16-56-39;Thq_hot_Wcont_WT_P7_F_4.4g_Buz32_Z588;41
5;2024.01.25;Tac;none;Wcont;ML;P8;0;0;460;allego_0__uid0125-14-43-23;Tac_Wcont_ML2_P8_F_4.2g_Buz32_Z460;42
5;2024.01.25;Tac;none;Wcont;ML;P8;0;0;460;allego_1__uid0125-15-03-17;Tac_Wcont_ML2_P8_F_4.2g_Buz32_Z460;43
5;2024.01.25;Thq;cool;Wcont;ML;P8;0;0;460;allego_2__uid0125-15-28-23;Thq_cool_Wcont_ML2_P8_F_4.2g_Buz32_Z460;44
5;2024.01.25;Thq;hot;Wcont;ML;P8;0;0;460;allego_3__uid0125-15-41-03;Thq_hot_Wcont_ML2_P8_F_4.2g_Buz32_Z460;45
5;2024.01.25;Thq;hot;Wcont;ML;P8;0;0;570;allego_5__uid0125-16-15-38;Thq_hot_Wcont_ML2_P8_F_4.2g_Buz32_Z570;46
5;2024.01.25;Thq;cool;Wcont;ML;P8;0;0;570;allego_6__uid0125-16-28-09;Thq_cool_Wcont_ML2_P8_F_4.2g_Buz32_Z570;47
5;2024.01.25;Thq;hot;Wcont;ML;P8;0;0;670;allego_9__uid0125-17-02-17;Thq_hot_Wcont_ML2_P8_F_4.2g_Buz32_Z670;48
5;2024.01.25;Thq;cool;Wcont;ML;P8;0;0;670;allego_10__uid0125-17-14-03;Thq_cool_Wcont_ML2_P8_F_4.2g_Buz32_Z670;49
5;2024.01.25;Thq;hot;Wcont;ML;P8;0;0;770;allego_14__uid0125-17-46-03;Thq_hot_Wcont_ML2_P8_F_4.2g_Buz32_Z770;50
5;2024.01.25;Thq;cool;Wcont;ML;P8;0;0;770;allego_16__uid0125-18-03-57;Thq_cool_Wcont_ML2_P8_F_4.2g_Buz32_Z770;51
6;2024.01.29;Thq;cool;Wcont;WT;P6;0;0;422;allego_0__uid0129-14-06-47;Thq_cool_Wcont_WT_P6_M_3.7g_Buz32_Z422;52
6;2024.01.29;Thq;hot;Wcont;WT;P6;0;0;422;allego_1__uid0129-14-18-45;Thq_hot_Wcont_WT_P6_M_3.7g_Buz32_Z422;53
6;2024.01.29;Tac;none;Wcont;WT;P6;0;0;422;allego_0__uid0129-14-40-55;Tac_Wcont_WT_P6_M_3.7g_Buz32_Z422;54
6;2024.01.29;Tac;none;Wcont;WT;P6;0;0;522;allego_1__uid0129-15-10-15;Tac_Wcont_WT_P6_M_3.7g_Buz32_Z522;55
6;2024.01.29;Thq;cool;Wcont;WT;P6;0;0;522;allego_2__uid0129-15-24-39;Thq_cool_Wcont_WT_P6_M_3.7g_Buz32_Z522;56
6;2024.01.29;Thq;hot;Wcont;WT;P6;0;0;522;allego_3__uid0129-15-37-10;Thq_hot_Wcont_WT_P6_M_3.7g_Buz32_Z522;57
6;2024.01.29;Tac;none;Wcont;WT;P6;0;0;622;allego_11__uid0129-16-31-22;Tac_Wcont_WT_P6_M_3.7g_Buz32_Z622;58
6;2024.01.29;Thq;cool;Wcont;WT;P6;0;0;622;allego_12__uid0129-16-44-46;Thq_cool_Wcont_WT_P6_M_3.7g_Buz32_Z622;59
6;2024.01.29;Thq;hot;Wcont;WT;P6;0;0;622;allego_13__uid0129-16-57-24;Thq_hot_Wcont_WT_P6_M_3.7g_Buz32_Z622;60
6;2024.01.29;Thq;cool;Wcont;WT;P6;0;0;720;allego_20__uid0129-17-18-05;Thq_cool_Wcont_WT_P6_M_3.7g_Buz32_Z720;61
6;2024.01.29;Thq;hot;Wcont;WT;P6;0;0;720;allego_21__uid0129-17-30-31;Thq_hot_Wcont_WT_P6_M_3.7g_Buz32_Z720;62
6;2024.01.29;Tac;none;Wcont;WT;P6;0;0;720;allego_1__uid0129-18-03-21;Tac_Wcont_WT_P6_M_3.7g_Buz32_Z720;63
7;2024.01.30_M1;Tac;none;Wcont;WT;P7;0;0;422;allego_0__uid0130-14-17-15;Tac_Wcont_WT_P7_M_4.1g_Buz32_Z422;64
7;2024.01.30_M1;Thq;cool;Wcont;WT;P7;0;0;422;allego_1__uid0130-14-37-30;Thq_cool_Wcont_WT_P7_M_4.1g_Buz32_Z422;65
7;2024.01.30_M1;Thq;hot;Wcont;WT;P7;0;0;422;allego_2__uid0130-14-49-52;Thq_hot_Wcont_WT_P7_M_4.1g_Buz32_Z422;66
7;2024.01.30_M1;Tac;none;Wcont;WT;P7;0;0;522;allego_3__uid0130-15-13-18;Tac_Wcont_WT_P7_M_4.1g_Buz32_Z522;67
8;2024.01.30_M2;Thq;cool;Wcont;ML;P7;0;0;307;allego_5__uid0130-19-44-40;Thq_cool_Wcont_ML2_P7_M_3.7g_Buz32_Z307;68
8;2024.01.30_M2;Thq;hot;Wcont;ML;P7;0;0;307;allego_6__uid0130-19-56-12;Thq_hot_Wcont_ML2_P7_M_3.7g_Buz32_Z307;69
8;2024.01.30_M2;Thq;cool;Wcont;ML;P7;0;0;307;allego_7__uid0130-20-08-56;Thq_cool_Wcont_ML2_P7_M_3.7g_Buz32_Z307;70
8;2024.01.30_M2;Tac;none;Wcont;ML;P7;0;0;307;allego_8__uid0130-20-23-58;Tac_Wcont_ML2_P7_M_3.7g_Buz32_Z307;71
8;2024.01.30_M2;Tac;none;Wcont;ML;P7;0;0;307;allego_9__uid0130-20-34-38;Tac_Wcont_ML2_P7_M_3.7g_Buz32_Z307;72
8;2024.01.30_M2;Tac;none;Wipsi;ML;P7;0;0;307;allego_10__uid0130-20-47-01;Tac_Wipsi_ML2_P7_M_3.7g_Buz32_Z307;73
8;2024.01.30_M2;Thq;cool;Wcont;ML;P7;0;0;307;allego_11__uid0130-21-00-15;Thq_cool_Wcont_ML2_P7_M_3.7g_Buz32_Z307;74
8;2024.01.30_M2;Thq;hot;Wcont;ML;P7;0;0;307;allego_12__uid0130-21-11-17;Thq_hot_Wcont_ML2_P7_M_3.7g_Buz32_Z307;75
8;2024.01.30_M2;Thq;cool;Wipsi;ML;P7;0;0;307;allego_13__uid0130-21-23-54;Thq_cool_Wipsi_ML2_P7_M_3.7g_Buz32_Z307;76
8;2024.01.30_M2;Thq;hot;Wipsi;ML;P7;0;0;307;allego_14__uid0130-21-35-16;Thq_hot_Wipsi_ML2_P7_M_3.7g_Buz32_Z307;77
9;2024.01.31;Thq;cool;Wcont;WT;P8;0;0;307;allego_0__uid0131-13-33-10;Thq_cool_Wcont_WT_P8_F_4.8g_Buz32_Z307;78
9;2024.01.31;Thq;hot;Wcont;WT;P8;0;0;307;allego_1__uid0131-13-46-03;Thq_hot_Wcont_WT_P8_F_4.8g_Buz32_Z307;79
9;2024.01.31;Tac;none;Wcont;WT;P8;0;0;307;allego_2__uid0131-14-02-00;Tac_Wcont_WT_P8_F_4.8g_Buz32_Z307;80
9;2024.01.31;Tac;none;Wipsi;WT;P8;0;0;307;allego_3__uid0131-14-28-43;Tac_Wipsi_WT_P8_F_4.8g_Buz32_Z307;81
9;2024.01.31;Tac;none;Wcont;WT;P8;0;0;407;allego_4__uid0131-14-50-27;Tac_Wcont_WT_P8_F_4.8g_Buz32_Z407;82
9;2024.01.31;Tac;none;Wipsi;WT;P8;0;0;407;allego_5__uid0131-15-02-10;Tac_Wipsi_WT_P8_F_4.8g_Buz32_Z407;83
9;2024.01.31;Thq;hot;Wcont;WT;P8;0;0;407;allego_6__uid0131-15-13-21;Thq_hot_Wcont_WT_P8_F_4.8g_Buz32_Z407;84
9;2024.01.31;Thq;cool;Wcont;WT;P8;0;0;407;allego_7__uid0131-15-25-51;Thq_cool_Wcont_WT_P8_F_4.8g_Buz32_Z407;85
9;2024.01.31;Thq;cool;Wcont;WT;P8;0;0;407;allego_8__uid0131-15-37-21;Thq_cool_Wcont_WT_P8_F_4.8g_Buz32_Z407;86
9;2024.01.31;Thq;hot;Wipsi;WT;P8;0;0;407;allego_9__uid0131-15-52-20;Thq_hot_Wipsi_WT_P8_F_4.8g_Buz32_Z407;87
9;2024.01.31;Thq;cool;Wipsi;WT;P8;0;0;407;allego_11__uid0131-16-03-40;Thq_cool_Wipsi_WT_P8_F_4.8g_Buz32_Z407;88
9;2024.01.31;Tac;none;Wcont;WT;P8;0;0;507;allego_12__uid0131-16-43-07;Tac_Wcont_WT_P8_F_4.8g_Buz32_Z507;89
9;2024.01.31;Tac;none;Wipsi;WT;P8;0;0;507;allego_13__uid0131-16-54-19;Tac_Wipsi_WT_P8_F_4.8g_Buz32_Z507;90
9;2024.01.31;Thq;cool;Wcont;WT;P8;0;0;507;allego_14__uid0131-17-06-33;Thq_cool_Wcont_WT_P8_F_4.8g_Buz32_Z507;91
9;2024.01.31;Thq;hot;Wcont;WT;P8;0;0;507;allego_15__uid0131-17-17-55;Thq_hot_Wcont_WT_P8_F_4.8g_Buz32_Z507;92
9;2024.01.31;Thq;hot;Wipsi;WT;P8;0;0;507;allego_16__uid0131-17-31-07;Thq_hot_Wipsi_WT_P8_F_4.8g_Buz32_Z507;93
9;2024.01.31;Thq;cool;Wipsi;WT;P8;0;0;507;allego_17__uid0131-17-42-32;Thq_cool_Wipsi_WT_P8_F_4.8g_Buz32_Z507;94
10;2024.02.05_M1;Tac;none;Wcont;ML;P7;0;0;407;allego_0__uid0205-14-08-43;Tac_Wcont_ML2_P7_M_3,1g_Buz32_Z407;95
10;2024.02.05_M1;Tac;none;Wipsi;ML;P7;0;0;407;allego_1__uid0205-14-20-26;Tac_Wipsi_ML2_P7_M_3,1g_Buz32_Z407;96
10;2024.02.05_M1;Thq;cool;Wcont;ML;P7;0;0;407;allego_2__uid0205-14-37-44;Thq_cool_Wcont_ML2_P7_M_3,1g_Buz32_Z407;97
10;2024.02.05_M1;Thq;cool;Wcont;ML;P7;0;0;407;allego_3__uid0205-14-49-29;Thq_cool_Wcont_ML2_P7_M_3,1g_Buz32_Z407;98
10;2024.02.05_M1;Thq;hot;Wcont;ML;P7;0;0;407;allego_0__uid0205-15-04-54;Thq_hot_Wcont_ML2_P7_M_3,1g_Buz32_Z407;99
10;2024.02.05_M1;Thq;cool;Wipsi;ML;P7;0;0;407;allego_1__uid0205-15-19-34;Thq_cool_Wipsi_ML2_P7_M_3,1g_Buz32_Z407;100
10;2024.02.05_M1;Thq;hot;Wipsi;ML;P7;0;0;407;allego_6__uid0205-15-31-25;Thq_hot_Wipsi_ML2_P7_M_3,1g_Buz32_Z407;101
10;2024.02.05_M1;Thq;cool;Wcont;ML;P7;0;0;407;allego_7__uid0205-15-46-41;Thq_cool_Wcont_ML2_P7_M_3,1g_Buz32_Z407;102
10;2024.02.05_M1;Thq;hot;Wcont;ML;P7;0;0;407;allego_8__uid0205-15-58-23;Thq_hot_Wcont_ML2_P7_M_3,1g_Buz32_Z407;103
11;2024.02.05_M2;Tac;none;Wcont;WT;P7;0;0;407;allego_0__uid0205-19-59-24;Tac_Wcont_WT_P7_F_4,4g_Buz32_Z407;104
11;2024.02.05_M2;Tac;none;Wipsi;WT;P7;0;0;407;allego_1__uid0205-20-10-22;Tac_Wipsi_WT_P7_F_4,4g_Buz32_Z407;105
11;2024.02.05_M2;Thq;hot;Wcont;WT;P7;0;0;407;allego_2__uid0205-20-22-36;Thq_hot_Wcont_WT_P7_F_4,4g_Buz32_Z407;106
11;2024.02.05_M2;Thq;cool;Wcont;WT;P7;0;0;407;allego_3__uid0205-20-34-15;Thq_cool_Wcont_WT_P7_F_4,4g_Buz32_Z407;107
11;2024.02.05_M2;Thq;hot;Wipsi;WT;P7;0;0;407;allego_4__uid0205-20-48-53;Thq_hot_Wipsi_WT_P7_F_4,4g_Buz32_Z407;108
11;2024.02.05_M2;Thq;cool;Wipsi;WT;P7;0;0;407;allego_5__uid0205-21-01-10;Thq_cool_Wipsi_WT_P7_F_4,4g_Buz32_Z407;109
11;2024.02.05_M2;Thq;cool;Wcont;WT;P7;0;0;407;allego_6__uid0205-21-19-30;Thq_cool_Wcont_WT_P7_F_4,4g_Buz32_Z407;110
11;2024.02.05_M2;Tac;none;Wcont;WT;P7;0;0;407;allego_0__uid0205-21-35-02;Tac_Wcont_WT_P7_F_4,4g_Buz32_Z407;111
12;2024.02.06;Tac;none;Wcont;WT;P8;0;0;407;allego_0__uid0206-13-23-30;Tac_Wcont_WT_P8_F_4.7g_Buz32_Z407;112
12;2024.02.06;Tac;none;Wipsi;WT;P8;0;0;407;allego_1__uid0206-13-34-15;Tac_Wipsi_WT_P8_F_4.7g_Buz32_Z407;113
12;2024.02.06;Thq;hot;Wcont;WT;P8;0;0;407;allego_2__uid0206-14-03-33;Thq_hot_Wcont_WT_P8_F_4.7g_Buz32_Z407;114
12;2024.02.06;Thq;cool;Wcont;WT;P8;0;0;407;allego_3__uid0206-14-15-34;Thq_cool_Wcont_WT_P8_F_4.7g_Buz32_Z407;115
12;2024.02.06;Thq;hot;Wipsi;WT;P8;0;0;407;allego_4__uid0206-14-28-43;Thq_hot_Wipsi_WT_P8_F_4.7g_Buz32_Z407;116
12;2024.02.06;Thq;cool;Wipsi;WT;P8;0;0;407;allego_5__uid0206-14-39-54;Thq_cool_Wipsi_WT_P8_F_4.7g_Buz32_Z407;117
12;2024.02.06;Thq;cool;Wcont;WT;P8;0;0;407;allego_6__uid0206-14-52-41;Thq_cool_Wcont_WT_P8_F_4.7g_Buz32_Z407;118
12;2024.02.06;Thq;hot;Wcont;WT;P8;0;0;407;allego_7__uid0206-15-03-56;Thq_hot_Wcont_WT_P8_F_4.7g_Buz32_Z407;119
12;2024.02.06;Tac;none;Wcont;WT;P8;0;0;407;allego_9__uid0206-15-27-25;Tac_Wcont_WT_P8_F_4.7g_Buz32_Z407;120
13;2024.02.22;Tac;none;Wcont;ML;P7;0;0;407;allego_0__uid0222-15-59-16;Tac_Wcont_ML2_P7_M_3,9g_Buz32_Z407;121
13;2024.02.22;Tac;none;Wipsi;ML;P7;0;0;407;allego_1__uid0222-16-11-03;Tac_Wipsi_ML2_P7_M_3,9g_Buz32_Z407;122
13;2024.02.22;Thq;cool;Wcont;ML;P7;0;0;407;allego_2__uid0222-16-29-18;Thq_cool_Wcont_ML2_P7_M_3,9g_Buz32_Z407;123
13;2024.02.22;Thq;hot;Wcont;ML;P7;0;0;407;allego_3__uid0222-16-42-16;Thq_hot_Wcont_ML2_P7_M_3,9g_Buz32_Z407;124
13;2024.02.22;Thq;cool;Wipsi;ML;P7;0;0;407;allego_4__uid0222-16-56-42;Thq_cool_Wipsi_ML2_P7_M_3,9g_Buz32_Z407;125
13;2024.02.22;Thq;hot;Wipsi;ML;P7;0;0;407;allego_5__uid0222-17-08-46;Thq_hot_Wipsi_ML2_P7_M_3,9g_Buz32_Z407;126
13;2024.02.22;Thq;cool;Wcont;ML;P7;0;0;407;allego_6__uid0222-17-21-39;Thq_cool_Wcont_ML2_P7_M_3,9g_Buz32_Z407;127
13;2024.02.22;Tac;none;Wcont;ML;P7;0;0;407;allego_7__uid0222-17-34-47;Tac_Wcont_ML2_P7_M_3,9g_Buz32_Z407;128
14;2024.02.23;Tac;none;Wcont;WT;P8;0;0;407;allego_0__uid0223-14-32-31;Tac_Wcont_WT_P8_M_3,6g_Buz32_Z407;129
14;2024.02.23;Tac;none;Wcont;WT;P8;0;0;407;allego_1__uid0223-14-47-14;Tac_Wcont_WT_P8_M_3,6g_Buz32_Z407;130
14;2024.02.23;Tac;none;Wipsi;WT;P8;0;0;407;allego_2__uid0223-14-58-41;Tac_Wipsi_WT_P8_M_3,6g_Buz32_Z407;131
14;2024.02.23;Tac;none;Wipsi;WT;P8;0;0;407;allego_3__uid0223-15-08-20;Tac_Wipsi_WT_P8_M_3,6g_Buz32_Z407;132
14;2024.02.23;Thq;cool;Wcont;WT;P8;0;0;407;allego_4__uid0223-15-21-12;Thq_cool_Wcont_WT_P8_M_3,6g_Buz32_Z407;133
14;2024.02.23;Thq;cool;Wcont;WT;P8;0;0;407;allego_5__uid0223-15-34-01;Thq_cool_Wcont_WT_P8_M_3,6g_Buz32_Z407;134
14;2024.02.23;Thq;hot;Wcont;WT;P8;0;0;407;allego_6__uid0223-15-46-31;Thq_hot_Wcont_WT_P8_M_3,6g_Buz32_Z407;135
14;2024.02.23;Thq;cool;Wipsi;WT;P8;0;0;407;allego_7__uid0223-16-04-48;Thq_cool_Wipsi_WT_P8_M_3,6g_Buz32_Z407;136
14;2024.02.23;Thq;hot;Wipsi;WT;P8;0;0;407;allego_8__uid0223-16-17-00;Thq_hot_Wipsi_WT_P8_M_3,6g_Buz32_Z407;137
14;2024.02.23;Thq;cool;Wipsi;WT;P8;0;0;407;allego_9__uid0223-16-29-13;Thq_cool_Wipsi_WT_P8_M_3,6g_Buz32_Z407;138
14;2024.02.23;Spontaneous;none;;WT;P8;0;0;407;allego_10__uid0223-16-44-32;Spontaneous_WT_P8_M_3,6g_Buz32_Z407;139
14;2024.02.23;Spontaneous;none;;WT;P8;0;0;407;allego_11__uid0223-16-51-00;Spontaneous_ OT_20ug/ul_WT_P8_M_3,6g_Buz32_Z407;140
15;2024.02.29;Tac;none;Wcont;ML;P7;0;0;407;allego_0__uid0229-13-40-12;Tac_Wcont_ML2_P7_M_3,2g_Buz32_Z407;141
15;2024.02.29;Tac;none;Wcont;ML;P7;0;0;407;allego_1__uid0229-13-50-32;Tac_Wcont_ML2_P7_M_3,2g_Buz32_Z407;142
15;2024.02.29;Tac;none;Wipsi;ML;P7;0;0;407;allego_2__uid0229-14-03-54;Tac_Wipsi_ML2_P7_M_3,2g_Buz32_Z407;143
15;2024.02.29;Tac;none;Wipsi;ML;P7;0;0;407;allego_3__uid0229-14-15-17;Tac_Wipsi_ML2_P7_M_3,2g_Buz32_Z407;144
15;2024.02.29;Thq;cool;Wcont;ML;P7;0;0;407;allego_4__uid0229-14-27-27;Thq_cool_Wcont_ML2_P7_M_3,2g_Buz32_Z407;145
15;2024.02.29;Thq;hot;Wcont;ML;P7;0;0;407;allego_5__uid0229-14-38-37;Thq_hot_Wcont_ML2_P7_M_3,2g_Buz32_Z407;146
15;2024.02.29;Thq;cool;Wcont;ML;P7;0;0;407;allego_6__uid0229-14-49-40;Thq_cool_Wcont_ML2_P7_M_3,2g_Buz32_Z407;147
15;2024.02.29;Thq;cool;Wcont;ML;P7;0;0;407;allego_7__uid0229-15-01-23;Thq_cool_Wcont_ML2_P7_M_3,2g_Buz32_Z407;148
15;2024.02.29;Thq;hot;Wcont;ML;P7;0;0;407;allego_8__uid0229-15-13-13;Thq_hot_Wcont_ML2_P7_M_3,2g_Buz32_Z407;149
15;2024.02.29;Thq;cool;Wipsi;ML;P7;0;0;407;allego_9__uid0229-15-25-45;Thq_cool_Wipsi_ML2_P7_M_3,2g_Buz32_Z407;150
15;2024.02.29;Thq;hot;Wipsi;ML;P7;0;0;407;allego_10__uid0229-15-37-18;Thq_hot_Wipsi_ML2_P7_M_3,2g_Buz32_Z407;151
15;2024.02.29;Thq;cool;Wipsi;ML;P7;0;0;407;allego_11__uid0229-15-49-30;Thq_cool_Wipsi_ML2_P7_M_3,2g_Buz32_Z407;152
15;2024.02.29;Thq;hot;Wipsi;ML;P7;0;0;407;allego_12__uid0229-16-01-10;Thq_hot_Wipsi_ML2_P7_M_3,2g_Buz32_Z407;153
16;2024.03.01;Tac;none;Wcont;WT;P8;0;0;407;allego_0__uid0301-15-26-22;Tac_Wcont_WT_P8_M_4,4g_Buz32_Z407;154
16;2024.03.01;Tac;none;Wipsi;WT;P8;0;0;407;allego_1__uid0301-15-56-12;Tac_Wipsi_WT_P8_M_4,4g_Buz32_Z407;155
16;2024.03.01;Thq;cool;Wcont;WT;P8;0;0;407;allego_2__uid0301-16-11-54;Thq_cool_Wcont_WT_P8_M_4,4g_Buz32_Z407;156
16;2024.03.01;Thq;hot;Wcont;WT;P8;0;0;407;allego_3__uid0301-16-23-32;Thq_hot_Wcont_WT_P8_M_4,4g_Buz32_Z407;157
16;2024.03.01;Thq;cool;Wcont;WT;P8;0;0;407;allego_4__uid0301-16-34-56;Thq_cool_Wcont_WT_P8_M_4,4g_Buz32_Z407;158
16;2024.03.01;Thq;hot;Wcont;WT;P8;0;0;407;allego_5__uid0301-16-46-48;Thq_hot_Wcont_WT_P8_M_4,4g_Buz32_Z407;159
16;2024.03.01;Thq;cool;Wipsi;WT;P8;0;0;407;allego_7__uid0301-16-59-02;Thq_cool_Wipsi_WT_P8_M_4,4g_Buz32_Z407;160
16;2024.03.01;Thq;hot;Wipsi;WT;P8;0;0;407;allego_8__uid0301-17-10-17;Thq_hot_Wipsi_WT_P8_M_4,4g_Buz32_Z407;161
16;2024.03.01;Thq;cool;Wipsi;WT;P8;0;0;407;allego_9__uid0301-17-21-54;Thq_cool_Wipsi_WT_P8_M_4,4g_Buz32_Z407;162
16;2024.03.01;Thq;hot;Wipsi;WT;P8;0;0;407;allego_11__uid0301-17-33-33;Thq_hot_Wipsi_WT_P8_M_4,4g_Buz32_Z407;163
17;2024.03.05;Spontaneous;none;;WT;P8;0;1;407;allego_0__uid0305-14-11-53;Spontaneous_WT_P8_M_4,1g_Buz32_Z407_ACSF37;164
17;2024.03.05;Tac;none;Wcont;WT;P8;0;1;407;allego_1__uid0305-14-26-56;Tac_Wcont_WT_P8_M_4,1g_Buz32_Z407_ACSF37;165
17;2024.03.05;Tac;none;Wcont;WT;P8;0;1;407;allego_2__uid0305-14-38-40;Tac_Wcont_WT_P8_M_4,1g_Buz32_Z407_ACSF37;166
17;2024.03.05;Tac;none;Wipsi;WT;P8;0;1;407;allego_3__uid0305-14-51-50;Tac_Wipsi_WT_P8_M_4,1g_Buz32_Z407_ACSF37;167
17;2024.03.05;Tac;none;Wipsi;WT;P8;0;1;407;allego_4__uid0305-15-00-59;Tac_Wipsi_WT_P8_M_4,1g_Buz32_Z407_ACSF37;168
17;2024.03.05;Thq;cool;Wcont;WT;P8;0;1;407;allego_5__uid0305-15-16-03;Thq_cool_Wcont_WT_P8_M_4,1g_Buz32_Z407_ACSF37;169
17;2024.03.05;Thq;hot;Wcont;WT;P8;0;1;407;allego_6__uid0305-15-27-39;Thq_hot_Wcont_WT_P8_M_4,1g_Buz32_Z407_ACSF37;170
17;2024.03.05;Thq;cool;Wcont;WT;P8;0;1;407;allego_8__uid0305-15-39-33;Thq_cool_Wcont_WT_P8_M_4,1g_Buz32_Z407_ACSF37;171
17;2024.03.05;Thq;hot;Wcont;WT;P8;0;1;407;allego_9__uid0305-15-50-26;Thq_hot_Wcont_WT_P8_M_4,1g_Buz32_Z407_ACSF37;172
17;2024.03.05;Thq;hot;Wipsi;WT;P8;0;1;407;allego_10__uid0305-16-06-32;Thq_hot_Wipsi_WT_P8_M_4,1g_Buz32_Z407_ACSF37;173
17;2024.03.05;Thq;cool;Wipsi;WT;P8;0;1;407;allego_0__uid0305-16-29-36;Thq_cool_Wipsi_WT_P8_M_4,1g_Buz32_Z407_ACSF37;174
17;2024.03.05;Thq;hot;Wipsi;WT;P8;0;1;407;allego_1__uid0305-16-40-32;Thq_hot_Wipsi_WT_P8_M_4,1g_Buz32_Z407_ACSF37;175
17;2024.03.05;Thq;cool;Wipsi;WT;P8;0;1;407;allego_2__uid0305-16-52-01;Thq_cool_Wipsi_WT_P8_M_4,1g_Buz32_Z407_ACSF37;176
18;2024.03.11;Tac;none;Wcont;ML;P14;0;1;430;allego_0__uid0311-18-06-29;Tac_Wcont_ML2_P14_M_6,5g_Buz32_Z430_ACSF37;177
18;2024.03.11;Tac;none;Wcont;ML;P14;0;1;430;allego_1__uid0311-18-14-56;Tac_Wcont_ML2_P14_M_6,5g_Buz32_Z430_ACSF37;178
18;2024.03.11;Tac;none;Wcont;ML;P14;0;1;430;allego_0__uid0311-18-25-23;Tac_Wcont_ML2_P14_M_6,5g_Buz32_Z430_ACSF37;179
18;2024.03.11;Tac;none;Wipsi;ML;P14;0;1;430;allego_1__uid0311-18-35-58;Tac_Wipsi_ML2_P14_M_6,5g_Buz32_Z430_ACSF37;180
18;2024.03.11;Tac;none;Wipsi;ML;P14;0;1;430;allego_2__uid0311-18-44-48;Tac_Wipsi_ML2_P14_M_6,5g_Buz32_Z430_ACSF37;181
18;2024.03.11;Thq;hot;Wcont;ML;P14;0;1;430;allego_0__uid0311-19-10-18;Thq_hot_Wcont_ML2_P14_M_6,5g_Buz32_Z430_ACSF37;182
18;2024.03.11;Thq;cool;Wcont;ML;P14;0;1;430;allego_1__uid0311-19-20-58;Thq_cool_Wcont_ML2_P14_M_6,5g_Buz32_Z430_ACSF37;183
18;2024.03.11;Thq;hot;Wcont;ML;P14;0;1;430;allego_2__uid0311-19-32-47;Thq_hot_Wcont_ML2_P14_M_6,5g_Buz32_Z430_ACSF37;184
18;2024.03.11;Thq;cool;Wcont;ML;P14;0;1;430;allego_3__uid0311-19-43-06;Thq_cool_Wcont_ML2_P14_M_6,5g_Buz32_Z430_ACSF37;185
18;2024.03.11;Thq;cool;Wipsi;ML;P14;0;1;430;allego_4__uid0311-19-55-56;Thq_cool_Wipsi_ML2_P14_M_6,5g_Buz32_Z430_ACSF37;186
18;2024.03.11;Thq;hot;Wipsi;ML;P14;0;1;430;allego_5__uid0311-20-06-57;Thq_hot_Wipsi_ML2_P14_M_6,5g_Buz32_Z430_ACSF37;187
18;2024.03.11;Thq;cool;Wipsi;ML;P14;0;1;430;allego_6__uid0311-20-17-23;Thq_cool_Wipsi_ML2_P14_M_6,5g_Buz32_Z430_ACSF37;188
19;2024.03.12;Tac;none;Wcont;ML;P15;0;1;407;allego_0__uid0312-14-38-27;Tac_Wcont_ML2_P15_M_7,6g_Buz32_Z407_ACSF37;189
19;2024.03.12;Tac;none;Wcont;ML;P15;0;1;407;allego_1__uid0312-14-47-12;Tac_Wcont_ML2_P15_M_7,6g_Buz32_Z407_ACSF37;190
19;2024.03.12;Tac;none;Wcont;ML;P15;0;1;407;allego_2__uid0312-14-56-11;Tac_Wcont_ML2_P15_M_7,6g_Buz32_Z407_ACSF37;191
19;2024.03.12;Tac;none;Wipsi;ML;P15;0;1;407;allego_3__uid0312-15-07-21;Tac_Wipsi_ML2_P15_M_7,6g_Buz32_Z407_ACSF37;192
19;2024.03.12;Tac;none;Wipsi;ML;P15;0;1;407;allego_4__uid0312-15-17-06;Tac_Wipsi_ML2_P15_M_7,6g_Buz32_Z407_ACSF37;193
19;2024.03.12;Thq;cool;Wcont;ML;P15;0;1;407;allego_5__uid0312-15-32-42;Thq_cool_Wcont_ML2_P15_M_7,6g_Buz32_Z407_ACSF37;194
19;2024.03.12;Thq;hot;Wcont;ML;P15;0;1;407;allego_6__uid0312-15-43-48;Thq_hot_Wcont_ML2_P15_M_7,6g_Buz32_Z407_ACSF37;195
19;2024.03.12;Thq;cool;Wcont;ML;P15;0;1;407;allego_7__uid0312-15-54-15;Thq_cool_Wcont_ML2_P15_M_7,6g_Buz32_Z407_ACSF37;196
19;2024.03.12;Thq;hot;Wcont;ML;P15;0;1;407;allego_8__uid0312-16-05-54;Thq_hot_Wcont_ML2_P15_M_7,6g_Buz32_Z407_ACSF37;197
19;2024.03.12;Thq;hot;Wipsi;ML;P15;0;1;407;allego_9__uid0312-16-18-36;Thq_hot_Wipsi_ML2_P15_M_7,6g_Buz32_Z407_ACSF37;198
19;2024.03.12;Thq;cool;Wipsi;ML;P15;0;1;407;allego_10__uid0312-16-29-33;Thq_cool_Wipsi_ML2_P15_M_7,6g_Buz32_Z407_ACSF37;199
19;2024.03.12;Thq;hot;Wipsi;ML;P15;0;1;407;allego_11__uid0312-16-40-20;Thq_hot_Wipsi_ML2_P15_M_7,6g_Buz32_Z407_ACSF37;200
19;2024.03.12;Thq;cool;Wipsi;ML;P15;0;1;407;allego_12__uid0312-16-50-39;Thq_cool_Wipsi_ML2_P15_M_7,6g_Buz32_Z407_ACSF37;201
19;2024.03.12;Tac;none;Wcont;ML;P15;0;1;407;allego_13__uid0312-17-33-54;Tac_Wcont_ML2_P15_M_7,6g_Buz32_Z407_ACSF37;202
19;2024.03.12;Tac;none;Wipsi;ML;P15;0;1;407;allego_14__uid0312-17-44-25;Tac_Wipsi_ML2_P15_M_7,6g_Buz32_Z407_ACSF37;203
19;2024.03.12;Thq;hot;Wcont;ML;P15;0;1;407;allego_16__uid0312-18-04-12;Thq_hot_Wcont_ML2_P15_M_7,6g_Buz32_Z407_ACSF37;204
19;2024.03.12;Thq;cool;Wcont;ML;P15;0;1;407;allego_1__uid0312-18-32-58;Thq_cool_Wcont_ML2_P15_M_7,6g_Buz32_Z407_ACSF37;205
19;2024.03.12;Thq;hot;Wipsi;ML;P15;0;1;407;allego_2__uid0312-18-44-39;Thq_hot_Wipsi_ML2_P15_M_7,6g_Buz32_Z407_ACSF37;206
19;2024.03.12;Thq;cool;Wipsi;ML;P15;0;1;407;allego_3__uid0312-18-55-05;Thq_cool_Wipsi_ML2_P15_M_7,6g_Buz32_Z407_ACSF37;207
20;2024.03.14;Tac;none;Wcont;ML;P6;0;1;407;allego_0__uid0314-15-43-25;Tac_Wcont_ML2_P6_M_3,0g_Buz32_Z407_ACSF37;208
20;2024.03.14;Tac;none;Wcont;ML;P6;0;1;407;allego_1__uid0314-15-54-08;Tac_Wcont_ML2_P6_M_3,0g_Buz32_Z407_ACSF37;209
20;2024.03.14;Tac;none;Wipsi;ML;P6;0;1;407;allego_2__uid0314-16-06-16;Tac_Wipsi_ML2_P6_M_3,0g_Buz32_Z407_ACSF37;210
20;2024.03.14;Tac;none;Wipsi;ML;P6;0;1;407;allego_3__uid0314-16-16-17;Tac_Wipsi_ML2_P6_M_3,0g_Buz32_Z407_ACSF37;211
20;2024.03.14;Thq;hot;Wcont;ML;P6;0;1;407;allego_11__uid0314-16-31-53;Thq_hot_Wcont_ML2_P6_M_3,0g_Buz32_Z407_ACSF37;212
20;2024.03.14;Thq;cool;Wcont;ML;P6;0;1;407;allego_12__uid0314-16-42-44;Thq_cool_Wcont_ML2_P6_M_3,0g_Buz32_Z407_ACSF37;213
20;2024.03.14;Thq;none;Wcont;ML;P6;0;1;407;allego_14__uid0314-17-00-14;Thq_cold4_Wcont_ML2_P6_M_3,0g_Buz32_Z407_ACSF37;214
21;2024.03.26;Thq;hot;Wcont;WT;P7;0;1;407;allego_0__uid0326-15-25-55;Thq_hot_Wcont_WT_P7_M_3,8g_Buz32_Z407_ACSF37_TTLtemp;215
21;2024.03.26;Thq;cool;Wcont;WT;P7;0;1;407;allego_1__uid0326-15-36-51;Thq_cool_Wcont_WT_P7_M_3,8g_Buz32_Z407_ACSF37_TTLtemp;216
21;2024.03.26;Thq;hot;Wcont;WT;P7;0;1;407;allego_2__uid0326-15-48-44;Thq_hot_Wcont_WT_P7_M_3,8g_Buz32_Z407_ACSF37_TTLtemp;217
21;2024.03.26;Thq;cool;Wcont;WT;P7;0;1;407;allego_4__uid0326-16-00-03;Thq_cool_Wcont_WT_P7_M_3,8g_Buz32_Z407_ACSF37_TTLtemp;218
21;2024.03.26;Thq;cool;Wipsi;WT;P7;0;1;407;allego_5__uid0326-16-11-48;Thq_cool_Wipsi_WT_P7_M_3,8g_Buz32_Z407_ACSF37_TTLtemp;219
21;2024.03.26;Thq;hot;Wipsi;WT;P7;0;1;407;allego_6__uid0326-16-22-20;Thq_hot_Wipsi_WT_P7_M_3,8g_Buz32_Z407_ACSF37_TTLtemp;220
21;2024.03.26;Thq;cool;Wipsi;WT;P7;0;1;407;allego_7__uid0326-16-33-17;Thq_cool_Wipsi_WT_P7_M_3,8g_Buz32_Z407_ACSF37_TTLtemp;221
21;2024.03.26;Thq;hot;Wipsi;WT;P7;0;1;407;allego_8__uid0326-16-44-02;Thq_hot_Wipsi_WT_P7_M_3,8g_Buz32_Z407_ACSF37_TTLtemp;222
21;2024.03.26;Tac;none;Wcont;WT;P7;0;1;407;allego_9__uid0326-17-02-33;Tac_Wcont_WT_P7_M_3,8g_Buz32_Z407_ACSF37_TTLtemp;223
21;2024.03.26;Tac;none;Wcont;WT;P7;0;1;407;allego_10__uid0326-17-18-15;Tac_Wcont_WT_P7_M_3,8g_Buz32_Z407_ACSF37_TTLtemp;224
21;2024.03.26;Tac;none;Wipsi;WT;P7;0;1;407;allego_11__uid0326-17-28-54;Tac_Wipsi_WT_P7_M_3,8g_Buz32_Z407_ACSF37_TTLtemp;225
22;2024.04.03;Thq;hot;Wcont;WT;P8;0;1;407;allego_1__uid0403-15-16-37;Thq_hot_Wcont_WT_P8_M_4,3g_Buz32_Z407_ACSF37_TTLtemp;226
22;2024.04.03;Thq;cool;Wcont;WT;P8;0;1;407;allego_2__uid0403-15-27-42;Thq_cool_Wcont_WT_P8_M_4,3g_Buz32_Z407_ACSF37_TTLtemp;227
22;2024.04.03;Thq;none;Wcont;WT;P8;0;1;407;allego_3__uid0403-15-38-35;Thq_cold4_Wcont_WT_P8_M_4,3g_Buz32_Z407_ACSF37_TTLtemp;228
22;2024.04.03;Thq;hot;Wcont;WT;P8;0;1;407;allego_4__uid0403-15-49-48;Thq_hot_Wcont_WT_P8_M_4,3g_Buz32_Z407_ACSF37_TTLtemp;229
22;2024.04.03;Thq;cool;Wcont;WT;P8;0;1;407;allego_5__uid0403-16-01-04;Thq_cool_Wcont_WT_P8_M_4,3g_Buz32_Z407_ACSF37_TTLtemp;230
22;2024.04.03;Thq;none;Wcont;WT;P8;0;1;407;allego_6__uid0403-16-11-47;Thq_cold4_Wcont_WT_P8_M_4,3g_Buz32_Z407_ACSF37_TTLtemp;231
22;2024.04.03;Tac;none;Wcont;WT;P8;0;1;407;allego_7__uid0403-16-27-36;Tac_Wcont_WT_P8_M_4,3g_Buz32_Z407_ACSF37_TTLtemp;232
22;2024.04.03;Tac;none;Wcont;WT;P8;0;1;407;allego_8__uid0403-16-36-36;Tac_Wcont_WT_P8_M_4,3g_Buz32_Z407_ACSF37_TTLtemp;233
23;2024.04.04;Tac;none;Wcont;ML;P8;0;1;450;allego_0__uid0404-15-11-26;Tac_Wcont_ML2_P8_M_3,4g_Buz32_Z450_ACSF37_TTLtemp;234
23;2024.04.04;Tac;none;Wcont;ML;P8;0;1;450;allego_1__uid0404-15-20-41;Tac_Wcont_ML2_P8_M_3,4g_Buz32_Z450_ACSF37_TTLtemp;235
23;2024.04.04;Thq;hot;Wcont;ML;P8;0;1;450;allego_2__uid0404-15-33-54;Thq_hot_Wcont_ML2_P8_M_3,4g_Buz32_Z450_ACSF37_TTLtemp;236
23;2024.04.04;Thq;cool;Wcont;ML;P8;0;1;450;allego_3__uid0404-15-44-31;Thq_cool_Wcont_ML2_P8_M_3,4g_Buz32_Z450_ACSF37_TTLtemp;237
23;2024.04.04;Thq;none;Wcont;ML;P8;0;1;450;allego_4__uid0404-15-55-54;Thq_cold4_Wcont_ML2_P8_M_3,4g_Buz32_Z450_ACSF37_TTLtemp;238
23;2024.04.04;Thq;hot;Wcont;ML;P8;0;1;450;allego_5__uid0404-16-07-32;Thq_hot_Wcont_ML2_P8_M_3,4g_Buz32_Z450_ACSF37_TTLtemp;239
23;2024.04.04;Thq;cool;Wcont;ML;P8;0;1;450;allego_6__uid0404-16-18-05;Thq_cool_Wcont_ML2_P8_M_3,4g_Buz32_Z450_ACSF37_TTLtemp;240
23;2024.04.04;Thq;none;Wcont;ML;P8;0;1;450;allego_7__uid0404-16-28-44;Thq_cold4_Wcont_ML2_P8_M_3,4g_Buz32_Z450_ACSF37_TTLtemp;241
23;2024.04.04;Thq;hot;Wipsi;ML;P8;0;1;450;allego_8__uid0404-16-50-44;Thq_hot_Wipsi_ML2_P8_M_3,4g_Buz32_Z450_ACSF37_TTLtemp;242
23;2024.04.04;Thq;cool;Wipsi;ML;P8;0;1;450;allego_9__uid0404-17-01-39;Thq_cool_Wipsi_ML2_P8_M_3,4g_Buz32_Z450_ACSF37_TTLtemp;243
23;2024.04.04;Thq;none;Wipsi;ML;P8;0;1;450;allego_10__uid0404-17-12-19;Thq_cold4_Wipsi_ML2_P8_M_3,4g_Buz32_Z450_ACSF37_TTLtemp;244
23;2024.04.04;Tac;none;Wipsi;ML;P8;0;1;450;allego_11__uid0404-17-31-01;Tac_Wipsi_ML2_P8_M_3,4g_Buz32_Z450_ACSF37_TTLtemp;245
23;2024.04.04;Tac;none;Wcont;ML;P8;0;1;450;allego_12__uid0404-17-40-52;Tac_Wcont_ML2_P8_M_3,4g_Buz32_Z450_ACSF37_TTLtemp;246
24;2024.04.09;Tac;none;Wcont;ML;P6;0;1;407;allego_0__uid0409-14-46-35;Tac_Wcont_ML2_P6_M_2,8g_Buz32_Z407_ACSF37_TTLtemp;247
24;2024.04.09;Tac;none;Wcont;ML;P6;0;1;407;allego_1__uid0409-14-56-09;Tac_Wcont_ML2_P6_M_2,8g_Buz32_Z407_ACSF37_TTLtemp;248
24;2024.04.09;Tac;none;Wipsi;ML;P6;0;1;407;allego_2__uid0409-15-12-57;Tac_Wipsi_ML2_P6_M_2,8g_Buz32_Z407_ACSF37_TTLtemp;249
24;2024.04.09;Thq;cool;Wcont;ML;P6;0;1;407;allego_3__uid0409-15-36-26;Thq_cool_Wcont_ML2_P6_M_2,8g_Buz32_Z407_ACSF37_TTLtemp;250
24;2024.04.09;Thq;hot;Wcont;ML;P6;0;1;407;allego_4__uid0409-15-47-25;Thq_hot_Wcont_ML2_P6_M_2,8g_Buz32_Z407_ACSF37_TTLtemp;251
24;2024.04.09;Thq;none;Wcont;ML;P6;0;1;407;allego_5__uid0409-15-58-16;Thq_cold4_Wcont_ML2_P6_M_2,8g_Buz32_Z407_ACSF37_TTLtemp;252
24;2024.04.09;Thq;cool;Wcont;ML;P6;0;1;407;allego_6__uid0409-16-12-45;Thq_cool_Wcont_ML2_P6_M_2,8g_Buz32_Z407_ACSF37_TTLtemp;253
24;2024.04.09;Thq;hot;Wcont;ML;P6;0;1;407;allego_8__uid0409-16-26-03;Thq_hot_Wcont_ML2_P6_M_2,8g_Buz32_Z407_ACSF37_TTLtemp;254
24;2024.04.09;Thq;none;Wcont;ML;P6;0;1;407;allego_10__uid0409-16-43-52;Thq_cold4_Wcont_ML2_P6_M_2,8g_Buz32_Z407_ACSF37_TTLtemp;255
24;2024.04.09;Thq;hot;Wipsi;ML;P6;0;1;407;allego_11__uid0409-17-04-15;Thq_hot_Wipsi_ML2_P6_M_2,8g_Buz32_Z407_ACSF37_TTLtemp;256
25;2024.04.24;Tac;none;Wcont;ML;P14;0;1;450;allego_0__uid0424-17-53-31;Tac_Wcont_ML2_P14_F_5,9g_Buz32_Z450_ACSF37_TTLtemp;257
25;2024.04.24;Tac;none;Wcont;ML;P14;0;1;450;allego_1__uid0424-18-01-56;Tac_Wcont_ML2_P14_F_5,9g_Buz32_Z450_ACSF37_TTLtemp;258
25;2024.04.24;Tac;none;Wcont;ML;P14;0;1;450;allego_2__uid0424-18-11-19;Tac_Wcont_ML2_P14_F_5,9g_Buz32_Z450_ACSF37_TTLtemp;259
25;2024.04.24;Tac;none;Wipsi;ML;P14;0;1;450;allego_3__uid0424-18-22-07;Tac_Wipsi_ML2_P14_F_5,9g_Buz32_Z450_ACSF37_TTLtemp;260
25;2024.04.24;Thq;hot;Wcont;ML;P14;0;1;450;allego_0__uid0424-18-41-24;Thq_hot_Wcont_ML2_P14_F_5,9g_Buz32_Z450_ACSF37_TTLtemp;261
25;2024.04.24;Thq;cool;Wcont;ML;P14;0;1;450;allego_0__uid0424-18-56-48;Thq_staycool_Wcont_ML2_P14_F_5,9g_Buz32_Z450_ACSF37_TTLtemp;262
25;2024.04.24;Thq;cool;Wcont;ML;P14;0;1;450;allego_1__uid0424-19-12-02;Thq_cool_Wcont_ML2_P14_F_5,9g_Buz32_Z450_ACSF37_TTLtemp;263
25;2024.04.24;Thq;hot;Wcont;ML;P14;0;1;450;allego_2__uid0424-19-23-18;Thq_hot_Wcont_ML2_P14_F_5,9g_Buz32_Z450_ACSF37_TTLtemp;264
25;2024.04.24;Thq;cool;Wcont;ML;P14;0;1;450;allego_3__uid0424-19-34-03;Thq_cool_Wcont_ML2_P14_F_5,9g_Buz32_Z450_ACSF37_TTLtemp;265
25;2024.04.24;Thq;hot;Wipsi;ML;P14;0;1;450;allego_4__uid0424-19-46-05;Thq_hot_Wipsi_ML2_P14_F_5,9g_Buz32_Z450_ACSF37_TTLtemp;266
25;2024.04.24;Thq;cool;Wipsi;ML;P14;0;1;450;allego_5__uid0424-19-57-12;Thq_cool_Wipsi_ML2_P14_F_5,9g_Buz32_Z450_ACSF37_TTLtemp;267
26;2024.04.25;Tac;none;Wcont;ML;P15;0;1;450;allego_6__uid0425-17-05-28;Tac_Wcont_ML2_P15_F_5,8g_Buz32_Z450_ACSF37_TTLtemp;268
26;2024.04.25;Tac;none;Wcont;ML;P15;0;1;450;allego_7__uid0425-17-14-51;Tac_Wcont_ML2_P15_F_5,8g_Buz32_Z450_ACSF37_TTLtemp;269
26;2024.04.25;Tac;none;Wipsi;ML;P15;0;1;450;allego_8__uid0425-17-27-06;Tac_Wipsi_ML2_P15_F_5,8g_Buz32_Z450_ACSF37_TTLtemp;270
26;2024.04.25;Tac;none;Wipsi;ML;P15;0;1;450;allego_9__uid0425-17-35-55;Tac_Wipsi_ML2_P15_F_5,8g_Buz32_Z450_ACSF37_TTLtemp;271
26;2024.04.25;Thq;hot;Wcont;ML;P15;0;1;450;allego_10__uid0425-17-53-11;Thq_hot_Wcont_ML2_P15_F_5,8g_Buz32_Z450_ACSF37_TTLtemp;272
26;2024.04.25;Thq;hot;Wcont;ML;P15;0;1;450;allego_11__uid0425-18-05-36;Thq_hot_Wcont_ML2_P15_F_5,8g_Buz32_Z450_ACSF37_TTLtemp;273
26;2024.04.25;Thq;cool;Wcont;ML;P15;0;1;450;allego_12__uid0425-18-16-26;Thq_cool_Wcont_ML2_P15_F_5,8g_Buz32_Z450_ACSF37_TTLtemp;274
26;2024.04.25;Thq;hot;Wcont;ML;P15;0;1;450;allego_13__uid0425-18-27-20;Thq_hot_Wcont_ML2_P15_F_5,8g_Buz32_Z450_ACSF37_TTLtemp;275
26;2024.04.25;Thq;cool;Wcont;ML;P15;0;1;450;allego_15__uid0425-18-37-54;Thq_cool_Wcont_ML2_P15_F_5,8g_Buz32_Z450_ACSF37_TTLtemp;276
26;2024.04.25;Thq;cool;Wipsi;ML;P15;0;1;450;allego_16__uid0425-18-51-44;Thq_cool_Wipsi_ML2_P15_F_5,8g_Buz32_Z450_ACSF37_TTLtemp;277
26;2024.04.25;Thq;hot;Wipsi;ML;P15;0;1;450;allego_17__uid0425-19-02-57;Thq_hot_Wipsi_ML2_P15_F_5,8g_Buz32_Z450_ACSF37_TTLtemp;278
26;2024.04.25;Tac;none;Wcont;ML;P15;1;1;450;allego_0__uid0425-19-39-04;Tac_Wcont_ML2_P15_F_5,8g_Buz32_Z450_ACSF37_TTLtemp_AnestDZ7;279
26;2024.04.25;Tac;none;Wipsi;ML;P15;1;1;450;allego_1__uid0425-19-49-27;Tac_Wipsi_ML2_P15_F_5,8g_Buz32_Z450_ACSF37_TTLtemp_AnestDZ7;280
26;2024.04.25;Tac;none;Wcont;ML;P15;1;1;450;allego_2__uid0425-20-02-42;Tac_Wcont_ML2_P15_F_5,8g_Buz32_Z450_ACSF37_TTLtemp_AnestDZ7;281
26;2024.04.25;Thq;cool;Wcont;ML;P15;1;1;450;allego_3__uid0425-20-15-15;Thq_cool_Wcont_ML2_P15_F_5,8g_Buz32_Z450_ACSF37_TTLtemp_AnestDZ7;282
26;2024.04.25;Thq;cool;Wcont;ML;P15;1;1;450;allego_4__uid0425-20-27-30;Thq_staycool_Wcont_ML2_P15_F_5,8g_Buz32_Z450_ACSF37_TTLtemp_AnestDZ7;283
26;2024.04.25;Thq;hot;Wcont;ML;P15;1;1;450;allego_5__uid0425-20-42-49;Thq_hot_Wcont_ML2_P15_F_5,8g_Buz32_Z450_ACSF37_TTLtemp_AnestDZ7;284
27;2024.05.06;Tac;none;Wcont;WT;P13;0;1;422;allego_0__uid0506-18-19-22;Tac_Wcont_WT_P13_M_6,9g_Buz32_Z422_ACSF37_TTLtemp;285
27;2024.05.06;Tac;none;Wcont;WT;P13;0;1;422;allego_1__uid0506-18-31-19;Tac_Wcont_WT_P13_M_6,9g_Buz32_Z422_ACSF37_TTLtemp;286
27;2024.05.06;Tac;none;Wipsi;WT;P13;0;1;422;allego_2__uid0506-18-45-48;Tac_Wipsi_WT_P13_M_6,9g_Buz32_Z422_ACSF37_TTLtemp;287
27;2024.05.06;Tac;none;Wipsi;WT;P13;0;1;422;allego_3__uid0506-18-54-50;Tac_Wipsi_WT_P13_M_6,9g_Buz32_Z422_ACSF37_TTLtemp;288
27;2024.05.06;Thq;hot;Wcont;WT;P13;0;1;422;allego_4__uid0506-19-08-36;Thq_hot_Wcont_WT_P13_M_6,9g_Buz32_Z422_ACSF37_TTLtemp;289
27;2024.05.06;Thq;cool;Wcont;WT;P13;0;1;422;allego_5__uid0506-19-20-56;Thq_cool_Wcont_WT_P13_M_6,9g_Buz32_Z422_ACSF37_TTLtemp;290
27;2024.05.06;Thq;hot;Wcont;WT;P13;0;1;422;allego_6__uid0506-19-32-18;Thq_hot_Wcont_WT_P13_M_6,9g_Buz32_Z422_ACSF37_TTLtemp;291
27;2024.05.06;Thq;cool;Wcont;WT;P13;0;1;422;allego_7__uid0506-19-44-06;Thq_cool_Wcont_WT_P13_M_6,9g_Buz32_Z422_ACSF37_TTLtemp;292
28;2024.05.07;Tac;none;Wcont;WT;P14;0;1;450;allego_0__uid0507-15-26-37;Tac_Wcont_WT_P14_M_6,6g_Buz32_Z450_ACSF37_TTLtemp;293
28;2024.05.07;Tac;none;Wcont;WT;P14;0;1;450;allego_1__uid0507-15-37-51;Tac_Wcont_WT_P14_M_6,6g_Buz32_Z450_ACSF37_TTLtemp;294
28;2024.05.07;Tac;none;Wipsi;WT;P14;0;1;450;allego_2__uid0507-15-52-43;Tac_Wipsi_WT_P14_M_6,6g_Buz32_Z450_ACSF37_TTLtemp;295
28;2024.05.07;Tac;none;Wipsi;WT;P14;0;1;450;allego_3__uid0507-16-01-32;Tac_Wipsi_WT_P14_M_6,6g_Buz32_Z450_ACSF37_TTLtemp;296
28;2024.05.07;Thq;cool;Wcont;WT;P14;0;1;450;allego_4__uid0507-16-15-30;Thq_cool_Wcont_WT_P14_M_6,6g_Buz32_Z450_ACSF37_TTLtemp;297
28;2024.05.07;Thq;hot;Wcont;WT;P14;0;1;450;allego_5__uid0507-16-26-24;Thq_hot_Wcont_WT_P14_M_6,6g_Buz32_Z450_ACSF37_TTLtemp;298
28;2024.05.07;Thq;cool;Wcont;WT;P14;0;1;450;allego_6__uid0507-16-38-16;Thq_cool_Wcont_WT_P14_M_6,6g_Buz32_Z450_ACSF37_TTLtemp;299
28;2024.05.07;Thq;hot;Wcont;WT;P14;0;1;450;allego_7__uid0507-16-49-14;Thq_hot_Wcont_WT_P14_M_6,6g_Buz32_Z450_ACSF37_TTLtemp;300
29;2024.05.22;Tac;none;Wcont;WT;P6;0;1;450;allego_0__uid0522-15-18-41;Tac_Wcont_WT_P6_F_4,3g_Buz32_Z450_ACSF37_TTLtemp;301
29;2024.05.22;Tac;none;Wcont;WT;P6;0;1;450;allego_1__uid0522-15-28-17;Tac_Wcont_WT_P6_F_4,3g_Buz32_Z450_ACSF37_TTLtemp;302
29;2024.05.22;Tac;none;Wipsi;WT;P6;0;1;450;allego_2__uid0522-15-41-31;Tac_Wipsi_WT_P6_F_4,3g_Buz32_Z450_ACSF37_TTLtemp;303
29;2024.05.22;Tac;none;Wipsi;WT;P6;0;1;450;allego_3__uid0522-15-52-54;Tac_Wipsi_WT_P6_F_4,3g_Buz32_Z450_ACSF37_TTLtemp;304
29;2024.05.22;Thq;hot;Wcont;WT;P6;0;1;450;allego_4__uid0522-16-07-54;Thq_hot_Wcont_WT_P6_F_4,3g_Buz32_Z450_ACSF37_TTLtemp;305
29;2024.05.22;Thq;cool;Wcont;WT;P6;0;1;450;allego_5__uid0522-16-19-42;Thq_cool_Wcont_WT_P6_F_4,3g_Buz32_Z450_ACSF37_TTLtemp;306
29;2024.05.22;Thq;hot;Wcont;WT;P6;0;1;450;allego_6__uid0522-16-31-02;Thq_hot_Wcont_WT_P6_F_4,3g_Buz32_Z450_ACSF37_TTLtemp;307
29;2024.05.22;Thq;cool;Wcont;WT;P6;0;1;450;allego_7__uid0522-16-42-47;Thq_cool_Wcont_WT_P6_F_4,3g_Buz32_Z450_ACSF37_TTLtemp;308
29;2024.05.22;Thq;hot;Wipsi;WT;P6;0;1;450;allego_8__uid0522-16-57-02;Thq_hot_Wipsi_WT_P6_F_4,3g_Buz32_Z450_ACSF37_TTLtemp;309
29;2024.05.22;Thq;cool;Wipsi;WT;P6;0;1;450;allego_9__uid0522-17-08-15;Thq_cool_Wipsi_WT_P6_F_4,3g_Buz32_Z450_ACSF37_TTLtemp;310
30;2024.05.24;Tac;none;Wcont;WT;P6;0;1;450;allego_0__uid0524-14-24-59;Tac_Wcont_WT_P6_F_4,3g_Buz32_Z450_ACSF37_TTLtemp;311
30;2024.05.24;Tac;none;Wcont;WT;P6;0;1;450;allego_1__uid0524-14-33-36;Tac_Wcont_WT_P6_F_4,3g_Buz32_Z450_ACSF37_TTLtemp;312
30;2024.05.24;Tac;none;Wcont;WT;P6;0;1;450;allego_2__uid0524-14-53-06;Tac_Wcont_WT_P6_F_4,3g_Buz32_Z450_ACSF37_TTLtemp;313
30;2024.05.24;Tac;none;Wipsi;WT;P6;0;1;450;allego_3__uid0524-15-03-04;Tac_Wipsi_WT_P6_F_4,3g_Buz32_Z450_ACSF37_TTLtemp;314
30;2024.05.24;Tac;none;Wipsi;WT;P6;0;1;450;allego_4__uid0524-15-12-57;Tac_Wipsi_WT_P6_F_4,3g_Buz32_Z450_ACSF37_TTLtemp;315
30;2024.05.24;Thq;hot;Wcont;WT;P6;0;1;450;allego_5__uid0524-15-25-45;Thq_hot_Wcont_WT_P6_F_4,3g_Buz32_Z450_ACSF37_TTLtemp;316
30;2024.05.24;Thq;cool;Wcont;WT;P6;0;1;450;allego_6__uid0524-15-36-38;Thq_cool_Wcont_WT_P6_F_4,3g_Buz32_Z450_ACSF37_TTLtemp;317
30;2024.05.24;Thq;hot;Wcont;WT;P6;0;1;450;allego_7__uid0524-15-48-03;Thq_hot_Wcont_WT_P6_F_4,3g_Buz32_Z450_ACSF37_TTLtemp;318
30;2024.05.24;Thq;cool;Wcont;WT;P6;0;1;450;allego_8__uid0524-16-02-00;Thq_cool_Wcont_WT_P6_F_4,3g_Buz32_Z450_ACSF37_TTLtemp;319
30;2024.05.24;Thq;hot;Wipsi;WT;P6;0;1;450;allego_9__uid0524-16-15-33;Thq_hot_Wipsi_WT_P6_F_4,3g_Buz32_Z450_ACSF37_TTLtemp;320
31;2024.05.28_M1;Tac;none;Wcont;WT;P6;0;1;407;allego_0__uid0528-13-39-50;Tac_Wcont_WT_P6_M_3,3g_Buz32_Z407_ACSF37_TTLtemp;321
31;2024.05.28_M1;Tac;none;Wcont;WT;P6;0;1;407;allego_1__uid0528-13-48-27;Tac_Wcont_WT_P6_M_3,3g_Buz32_Z407_ACSF37_TTLtemp;322
31;2024.05.28_M1;Tac;none;Wipsi;WT;P6;0;1;407;allego_2__uid0528-13-59-29;Tac_Wipsi_WT_P6_M_3,3g_Buz32_Z407_ACSF37_TTLtemp;323
31;2024.05.28_M1;Tac;none;Wipsi;WT;P6;0;1;407;allego_3__uid0528-14-08-23;Tac_Wipsi_WT_P6_M_3,3g_Buz32_Z407_ACSF37_TTLtemp;324
31;2024.05.28_M1;Thq;hot;Wcont;WT;P6;0;1;407;allego_5__uid0528-14-22-55;Thq_hot_Wcont_WT_P6_M_3,3g_Buz32_Z407_ACSF37_TTLtemp;325
31;2024.05.28_M1;Thq;cool;Wcont;WT;P6;0;1;407;allego_6__uid0528-14-39-08;Thq_cool_Wcont_WT_P6_M_3,3g_Buz32_Z407_ACSF37_TTLtemp;326
31;2024.05.28_M1;Thq;hot;Wcont;WT;P6;0;1;407;allego_7__uid0528-14-50-48;Thq_hot_Wcont_WT_P6_M_3,3g_Buz32_Z407_ACSF37_TTLtemp;327
31;2024.05.28_M1;Thq;cool;Wcont;WT;P6;0;1;407;allego_12__uid0528-15-02-37;Thq_cool_Wcont_WT_P6_M_3,3g_Buz32_Z407_ACSF37_TTLtemp;328
31;2024.05.28_M1;Thq;cool;Wipsi;WT;P6;0;1;407;allego_13__uid0528-15-15-49;Thq_cool_Wipsi_WT_P6_M_3,3g_Buz32_Z407_ACSF37_TTLtemp;329
31;2024.05.28_M1;Thq;hot;Wipsi;WT;P6;0;1;407;allego_14__uid0528-15-26-41;Thq_hot_Wipsi_WT_P6_M_3,3g_Buz32_Z407_ACSF37_TTLtemp;330
31;2024.05.28_M1;Tac;none;Wcont;WT;P6;0;1;407;allego_15__uid0528-15-40-10;Tac_Wcont_WT_P6_M_3,3g_Buz32_Z407_ACSF37_TTLtemp;331
32;2024.05.28_M2;Tac;none;Wcont;WT;P6;0;1;407;allego_16__uid0528-19-44-46;Tac_Wcont_WT_P6_M_3,5g_Buz32_Z407_ACSF37_TTLtemp;332
32;2024.05.28_M2;Tac;none;Wcont;WT;P6;0;1;407;allego_17__uid0528-19-54-04;Tac_Wcont_WT_P6_M_3,5g_Buz32_Z407_ACSF37_TTLtemp;333
32;2024.05.28_M2;Tac;none;Wipsi;WT;P6;0;1;407;allego_18__uid0528-20-04-22;Tac_Wipsi_WT_P6_M_3,5g_Buz32_Z407_ACSF37_TTLtemp;334
32;2024.05.28_M2;Tac;none;Wipsi;WT;P6;0;1;407;allego_19__uid0528-20-13-28;Tac_Wipsi_WT_P6_M_3,5g_Buz32_Z407_ACSF37_TTLtemp;335
32;2024.05.28_M2;Thq;hot;Wcont;WT;P6;0;1;407;allego_20__uid0528-20-25-16;Thq_hot_Wcont_WT_P6_M_3,5g_Buz32_Z407_ACSF37_TTLtemp;336
32;2024.05.28_M2;Thq;cool;Wcont;WT;P6;0;1;407;allego_21__uid0528-20-36-43;Thq_cool_Wcont_WT_P6_M_3,5g_Buz32_Z407_ACSF37_TTLtemp;337
32;2024.05.28_M2;Thq;hot;Wcont;WT;P6;0;1;407;allego_22__uid0528-20-47-32;Thq_hot_Wcont_WT_P6_M_3,5g_Buz32_Z407_ACSF37_TTLtemp;338
32;2024.05.28_M2;Thq;cool;Wcont;WT;P6;0;1;407;allego_23__uid0528-20-58-29;Thq_cool_Wcont_WT_P6_M_3,5g_Buz32_Z407_ACSF37_TTLtemp;339
32;2024.05.28_M2;Thq;cool;Wipsi;WT;P6;0;1;407;allego_24__uid0528-21-10-11;Thq_cool_Wipsi_WT_P6_M_3,5g_Buz32_Z407_ACSF37_TTLtemp;340
32;2024.05.28_M2;Thq;hot;Wipsi;WT;P6;0;1;407;allego_25__uid0528-21-20-57;Thq_hot_Wipsi_WT_P6_M_3,5g_Buz32_Z407_ACSF37_TTLtemp;341
33;2024.05.29;Tac;none;Wcont;WT;P7;0;1;407;allego_0__uid0529-14-19-11;Tac_Wcont_WT_P7_F_3,9g_Buz32_Z407_ACSF37_TTLtemp;342
33;2024.05.29;Tac;none;Wcont;WT;P7;0;1;407;allego_1__uid0529-14-28-05;Tac_Wcont_WT_P7_F_3,9g_Buz32_Z407_ACSF37_TTLtemp;343
33;2024.05.29;Tac;none;Wipsi;WT;P7;0;1;407;allego_2__uid0529-14-38-10;Tac_Wipsi_WT_P7_F_3,9g_Buz32_Z407_ACSF37_TTLtemp;344
33;2024.05.29;Tac;none;Wipsi;WT;P7;0;1;407;allego_3__uid0529-14-47-06;Tac_Wipsi_WT_P7_F_3,9g_Buz32_Z407_ACSF37_TTLtemp;345
33;2024.05.29;Thq;hot;Wcont;WT;P7;0;1;407;allego_4__uid0529-15-04-15;Thq_hot_Wcont_WT_P7_F_3,9g_Buz32_Z407_ACSF37_TTLtemp;346
33;2024.05.29;Thq;cool;Wcont;WT;P7;0;1;407;allego_5__uid0529-15-15-14;Thq_cool_Wcont_WT_P7_F_3,9g_Buz32_Z407_ACSF37_TTLtemp;347
33;2024.05.29;Thq;hot;Wcont;WT;P7;0;1;407;allego_6__uid0529-15-26-31;Thq_hot_Wcont_WT_P7_F_3,9g_Buz32_Z407_ACSF37_TTLtemp;348
33;2024.05.29;Thq;cool;Wcont;WT;P7;0;1;407;allego_7__uid0529-15-39-59;Thq_cool_Wcont_WT_P7_F_3,9g_Buz32_Z407_ACSF37_TTLtemp;349
33;2024.05.29;Thq;cool;Wcont;WT;P7;0;1;407;allego_9__uid0529-15-52-58;Thq_cool_Wcont_WT_P7_F_3,9g_Buz32_Z407_ACSF37_TTLtemp;350
33;2024.05.29;Thq;cool;Wipsi;WT;P7;0;1;407;allego_10__uid0529-16-05-22;Thq_cool_Wipsi_WT_P7_F_3,9g_Buz32_Z407_ACSF37_TTLtemp;351
33;2024.05.29;Thq;hot;Wipsi;WT;P7;0;1;407;allego_11__uid0529-16-16-18;Thq_hot_Wipsi_WT_P7_F_3,9g_Buz32_Z407_ACSF37_TTLtemp;352
34;2024.05.30;Tac;none;Wcont;WT;P14;0;1;450;allego_0__uid0530-14-38-09;Tac_Wcont_WT_P14_F_3,9g_Buz32_Z450_ACSF37_TTLtemp;353
34;2024.05.30;Tac;none;Wcont;WT;P14;0;1;450;allego_1__uid0530-14-47-19;Tac_Wcont_WT_P14_F_3,9g_Buz32_Z450_ACSF37_TTLtemp;354
34;2024.05.30;Tac;none;Wipsi;WT;P14;0;1;450;allego_2__uid0530-14-57-50;Tac_Wipsi_WT_P14_F_3,9g_Buz32_Z450_ACSF37_TTLtemp;355
34;2024.05.30;Tac;none;Wipsi;WT;P14;0;1;450;allego_3__uid0530-15-06-43;Tac_Wipsi_WT_P14_F_3,9g_Buz32_Z450_ACSF37_TTLtemp;356
34;2024.05.30;Thq;hot;Wcont;WT;P14;0;1;450;allego_4__uid0530-15-29-58;Thq_hot_Wcont_WT_P14_F_3,9g_Buz32_Z450_ACSF37_TTLtemp;357
34;2024.05.30;Thq;cool;Wcont;WT;P14;0;1;450;allego_5__uid0530-15-41-05;Thq_cool_Wcont_WT_P14_F_3,9g_Buz32_Z450_ACSF37_TTLtemp;358
34;2024.05.30;Thq;hot;Wcont;WT;P14;0;1;450;allego_6__uid0530-15-52-07;Thq_hot_Wcont_WT_P14_F_3,9g_Buz32_Z450_ACSF37_TTLtemp;359
34;2024.05.30;Thq;cool;Wcont;WT;P14;0;1;450;allego_7__uid0530-16-03-09;Thq_cool_Wcont_WT_P14_F_3,9g_Buz32_Z450_ACSF37_TTLtemp;360
34;2024.05.30;Thq;cool;Wipsi;WT;P14;0;1;450;allego_8__uid0530-16-14-17;Thq_cool_Wipsi_WT_P14_F_3,9g_Buz32_Z450_ACSF37_TTLtemp;361
34;2024.05.30;Thq;none;Wipsi;WT;P14;0;1;450;allego_9__uid0530-16-27-53;Thq_undertermined_Wipsi_WT_P14_F_3,9g_Buz32_Z450_ACSF37_TTLtemp;362
34;2024.05.30;Thq;none;Wipsi;WT;P14;0;1;450;allego_10__uid0530-16-38-53;Thq_undertermined_Wipsi_WT_P14_F_3,9g_Buz32_Z450_ACSF37_TTLtemp;363
34;2024.05.30;Thq;hot;Wipsi;WT;P14;0;1;450;allego_11__uid0530-16-52-06;Thq_hot_Wipsi_WT_P14_F_3,9g_Buz32_Z450_ACSF37_TTLtemp;364
35;2024.06.06;Tac;none;Wcont;WT;P15;0;1;507;allego_0__uid0606-15-04-12;Tac_Wcont_WT_P15_M_7,9g_Buz32_Z507_ACSF37_TTLtemp;365
35;2024.06.06;Tac;none;Wcont;WT;P15;0;1;507;allego_1__uid0606-15-13-07;Tac_Wcont_WT_P15_M_7,9g_Buz32_Z507_ACSF37_TTLtemp;366
35;2024.06.06;Tac;none;Wipsi;WT;P15;0;1;507;allego_2__uid0606-15-24-04;Tac_Wipsi_WT_P15_M_7,9g_Buz32_Z507_ACSF37_TTLtemp;367
35;2024.06.06;Tac;none;Wipsi;WT;P15;0;1;507;allego_3__uid0606-15-33-01;Tac_Wipsi_WT_P15_M_7,9g_Buz32_Z507_ACSF37_TTLtemp;368
35;2024.06.06;Tac;none;Wcont;WT;P15;0;1;507;allego_4__uid0606-15-43-55;Tac_Wcont_WT_P15_M_7,9g_Buz32_Z507_ACSF37_TTLtemp;369
35;2024.06.06;Thq;hot;Wcont;WT;P15;0;1;507;allego_5__uid0606-15-59-23;Thq_hot_Wcont_WT_P15_M_7,9g_Buz32_Z507_ACSF37_TTLtemp;370
35;2024.06.06;Thq;cool;Wcont;WT;P15;0;1;507;allego_6__uid0606-16-10-12;Thq_cool_Wcont_WT_P15_M_7,9g_Buz32_Z507_ACSF37_TTLtemp;371
35;2024.06.06;Thq;hot;Wcont;WT;P15;0;1;507;allego_7__uid0606-16-21-26;Thq_hot_Wcont_WT_P15_M_7,9g_Buz32_Z507_ACSF37_TTLtemp;372
36;2024.06.07;Tac;none;Wcont;WT;P16;0;1;470;allego_0__uid0607-15-23-02;Tac_Wcont_WT_P16_M_8,1g_Buz32_Z470_ACSF37_TTLtemp;373
36;2024.06.07;Tac;none;Wcont;WT;P16;0;1;470;allego_1__uid0607-15-31-45;Tac_Wcont_WT_P16_M_8,1g_Buz32_Z470_ACSF37_TTLtemp;374
36;2024.06.07;Thq;cool;Wcont;WT;P16;0;1;470;allego_2__uid0607-15-42-55;Thq_cool_Wcont_WT_P16_M_8,1g_Buz32_Z470_ACSF37_TTLtemp;375
36;2024.06.07;Thq;cool;Wcont;WT;P16;0;1;470;allego_3__uid0607-15-53-15;Thq_cool_Wcont_WT_P16_M_8,1g_Buz32_Z470_ACSF37_TTLtemp;376
36;2024.06.07;Thq;hot;Wcont;WT;P16;0;1;470;allego_4__uid0607-16-03-50;Thq_hot_Wcont_WT_P16_M_8,1g_Buz32_Z470_ACSF37_TTLtemp;377
36;2024.06.07;Thq;hot;Wcont;WT;P16;0;1;470;allego_5__uid0607-16-14-44;Thq_hot_Wcont_WT_P16_M_8,1g_Buz32_Z470_ACSF37_TTLtemp;378
36;2024.06.07;Tac;none;Wipsi;WT;P16;0;1;470;allego_6__uid0607-16-27-42;Tac_Wipsi_WT_P16_M_8,1g_Buz32_Z470_ACSF37_TTLtemp;379
36;2024.06.07;Tac;none;Wipsi;WT;P16;0;1;470;allego_7__uid0607-16-36-23;Tac_Wipsi_WT_P16_M_8,1g_Buz32_Z470_ACSF37_TTLtemp;380
36;2024.06.07;Thq;cool;Wipsi;WT;P16;0;1;470;allego_8__uid0607-16-48-32;Thq_cool_Wipsi_WT_P16_M_8,1g_Buz32_Z470_ACSF37_TTLtemp;381
36;2024.06.07;Thq;hot;Wipsi;WT;P16;0;1;470;allego_9__uid0607-16-59-06;Thq_hot_Wipsi_WT_P16_M_8,1g_Buz32_Z470_ACSF37_TTLtemp;382
36;2024.06.07;Thq;cool;Wcont;WT;P16;1;1;470;allego_10__uid0607-17-20-55;Thq_cool_Wcont_WT_P16_M_8,1g_Buz32_Z470_ACSF37_TTLtemp_AnestDZ7;383
36;2024.06.07;Thq;cool;Wcont;WT;P16;1;1;470;allego_11__uid0607-17-31-43;Thq_cool_Wcont_WT_P16_M_8,1g_Buz32_Z470_ACSF37_TTLtemp_AnestDZ7;384
36;2024.06.07;Thq;hot;Wcont;WT;P16;1;1;470;allego_12__uid0607-17-45-44;Thq_hot_Wcont_WT_P16_M_8,1g_Buz32_Z470_ACSF37_TTLtemp_AnestDZ7;385
36;2024.06.07;Thq;hot;Wcont;WT;P16;1;1;470;allego_14__uid0607-18-02-22;Thq_hot_Wcont_WT_P16_M_8,1g_Buz32_Z470_ACSF37_TTLtemp_AnestDZ7;386
36;2024.06.07;Tac;none;Wcont;WT;P16;1;1;470;allego_15__uid0607-18-16-03;Tac_Wcont_WT_P16_M_8,1g_Buz32_Z470_ACSF37_TTLtemp_AnestDZ7;387
36;2024.06.07;Tac;none;Wcont;WT;P16;1;1;470;allego_16__uid0607-18-24-51;Tac_Wcont_WT_P16_M_8,1g_Buz32_Z470_ACSF37_TTLtemp_AnestDZ7;388
36;2024.06.07;Tac;none;Wipsi;WT;P16;1;1;470;allego_17__uid0607-18-35-18;Tac_Wipsi_WT_P16_M_8,1g_Buz32_Z470_ACSF37_TTLtemp_AnestDZ7;389
36;2024.06.07;Tac;none;Wipsi;WT;P16;1;1;470;allego_18__uid0607-18-44-05;Tac_Wipsi_WT_P16_M_8,1g_Buz32_Z470_ACSF37_TTLtemp_AnestDZ7;390
